#,Workout Vibe,Vibe Description,Example Workouts,Platforms,Best For
1,The Warrior Workout,"Unleash your inner beast. Sweat-dripping, heart-pounding, primal energy.","HIIT, boxing, bootcamp, heavy strength training.","Peloton Bootcamp, Les Mills BodyCombat, Beachbody Insanity, iFit HIIT.",Days when you want to destroy stress and feel invincible.
2,The Firestarter,"Fast, explosive, and electrifying. Short but devastating.","Tabata, sprint intervals, powerlifting bursts.","Peloton HIIT Rides, iFit Sprint Workouts, Nike Training Club Quick HIIT.",When you only have 10-20 minutes but want to give 1000%.
3,The Nightclub Workout,"Lights down, music up, full-body euphoria.","Dance cardio, rhythm boxing, cycle party rides.","Peloton EDM Rides, Les Mills Sh’Bam, Apple Fitness+ Dance, Zumba.",When you want to move like no one’s watching and feel amazing.
4,The Competitor,"Gamified, leaderboard-driven, full-send energy.","Live cycling, rowing races, CrossFit, esports-style fitness.","Peloton Leaderboard, Zwift Races, Hydrow Competitive Rows.",Those who need to chase a score or beat their own record.
5,The Adrenaline Rush,"Heart-racing, full-body intensity, unpredictable challenges.","Obstacle course training, parkour, extreme bootcamps.","Tough Mudder Training, Spartan Race Workouts, Freeletics.","Those who crave challenge, variety, and adrenaline."
6,The Groove Session,"Fun, fluid, expressive, completely in the moment.","Dance-based workouts, shadowboxing, flow yoga.","Apple Fitness+ Dance, Peloton Boxing, Barre3, Les Mills BodyBalance.",Days when you want to move intuitively and just vibe.
7,The Meditative Grind,"Zone in, lock down, let repetition take over.","Rowing, long-distance cycling, endurance running.","Hydrow Endurance Rows, Peloton Endurance Rides, iFit Scenic Runs.",Those who love a slow burn and rhythmic intensity.
8,The Zen Flow,"Grounding, intentional, breath-centered, unhurried.","Slow-flow yoga, tai chi, mobility training.","Alo Moves, Peloton Yoga, iFit Recovery Workouts.","When you need balance, mindfulness, and release."
9,The Rhythmic Powerhouse,"Beat-driven, strong but fluid, music-infused.","Power yoga, dance strength, cardio boxing.","Les Mills BodyJam, Peloton Boxing, Barre3.",When you want strength and rhythm to blend seamlessly.
10,The Endorphin Wave,"Elevated energy, feel-good movement, steady build.","Cycling climbs, endurance rowing, plyometric flows.","Peloton Power Zone Rides, iFit Rowing Journeys.",When you want a challenging but steady burn.
11,The Progression Quest,"Methodical, incremental, long-term improvement.","Strength cycles, hypertrophy training, marathon training plans.","iFit Progressive Strength, Tonal Programs, Peloton Strength Plans.",Anyone who loves tracking progress and leveling up.
12,The Masterclass Workout,"Technique-driven, focused, skill-building.","Pilates, kettlebell training, Olympic lifting, mobility drills.","Les Mills Core, Kettlebell Workouts on YouTube, Ready State Mobility.",Those who love precision and mastery in movement.
13,The Disciplined Grind,"No excuses, no distractions, just execute.","Classic bodybuilding, strength endurance, functional fitness.","Fitness Blender Strength, iFit Gym Workouts, Peloton Power Zones.",When you want pure focus and efficiency.
14,The Tactical Athlete,"Military-inspired, performance-focused, strategic.","Ruck training, tactical fitness, functional circuits.","Mountain Tactical Institute, Navy SEAL Workouts, Tactical Barbell.",Those who want military-grade training and real-world capability.
15,The Foundation Builder,"Strengthen weak points, rebuild, perfect the basics.","Stability, corrective exercise, injury prevention.","GOWOD, Ready State Mobility, Foundation Training.",Those coming back from injury or refining fundamentals.
16,The Reboot Workout,"Deep stretch, low stress, total-body refresh.","Gentle yoga, mobility drills, foam rolling.","Peloton Recovery, GOWOD, iFit Mobility.","Recovery days, stress relief, post-travel stiffness."
17,The Comfort Moves,"Safe, cozy, feel-good movement.","Chair workouts, senior fitness, prenatal/postnatal movement.","SilverSneakers, Fitness Blender Low-Impact, YouTube Chair Workouts.",Those who want to move but need it to feel easy and accessible.
18,The Mindful Walk,"Meditative, story-driven, immersive.","Guided outdoor walks, treadmill hikes.","Apple Fitness+ Time to Walk, iFit Outdoor Walks.","When you need fresh air, a change of pace, and mental clarity."
19,The Deep Recharge,"Nervous system reset, ultra-gentle movement.","Yoga Nidra, breathwork, passive stretching.","Yoga with Adriene, Headspace Yoga, iRest Meditation.","Times of extreme stress, fatigue, or mental overload."
20,The Sleep Prep,"Wind down, ease tension, prepare for rest.","Bedtime yoga, deep breathing, progressive relaxation.","Calm App, Peloton Sleep Yoga, Yoga Nidra.",When you need the best possible night’s sleep.
21,The Athlete’s Circuit,"Explosive power, agility, game-ready fitness.","Sprint drills, plyometrics, sport-specific agility.","Nike Training Club, Vertimax Workouts, P90X.",Those training for sports or improving athleticism.
22,The Speed & Power Sprint,"Short, high-speed, maximal power output.","Sprint workouts, fast-twitch training, overspeed drills.","Peloton Tread Intervals, Sprint Workouts, EXOS Training.","Those improving speed, acceleration, and fast reactions."
23,The Fight Camp,"Grit, intensity, combat-ready fitness.","MMA training, heavy bag work, footwork drills.","FightCamp, Bas Rutten Workouts, Les Mills BodyCombat.",Those who want to train like a fighter.
24,The Explorer’s Workout,"Adventurous, scenic, open-air challenge.","Trail running, outdoor HIIT, sand dune sprints.","iFit Outdoor Series, Trail Running Workouts.","When you want nature, challenge, and adventure."
25,The Ruck Challenge,"Weighted backpack, functional endurance.","Rucking, weighted hikes, uphill treks.","GoRuck Programs, Tactical Training Workouts.",Those who want real-world endurance and strength.
26,The Nature Flow,"Breath-centered, full-body, outdoor rhythm.","Beach workouts, rock climbing drills, park workouts.","iFit Beach Sessions, Outdoor Bootcamps.","When you want fresh air, nature, and full-body movement."
,,,,,
,,,,,
"1 Unleash your inner beast. Sweat-dripping, heart-pounding, primal energy.",,,,,
"2 Fast, explosive, and electrifying. Short but devastating.",,,,,
"3 Lights down, music up, full-body euphoria.",,,,,
"4 Gamified, leaderboard-driven, full-send energy.",,,,,
"5 Heart-racing, full-body intensity, unpredictable challenges.",,,,,
"6 Fun, fluid, expressive, completely in the moment.",,,,,
"7 Zone in, lock down, let repetition take over.",,,,,
"8 Grounding, intentional, breath-centered, unhurried.",,,,,
"9 Beat-driven, strong but fluid, music-infused.",,,,,
"10 Elevated energy, feel-good movement, steady build.",,,,,
"11 Methodical, incremental, long-term improvement.",,,,,
"12 Technique-driven, focused, skill-building.",,,,,
"13 No excuses, no distractions, just execute.",,,,,
"14 Military-inspired, performance-focused, strategic.",,,,,
"15 Strengthen weak points, rebuild, perfect the basics.",,,,,
"16 Deep stretch, low stress, total-body refresh.",,,,,
"17 Safe, cozy, feel-good movement.",,,,,
"18 Meditative, story-driven, immersive.",,,,,
"19 Nervous system reset, ultra-gentle movement.",,,,,
"20 Wind down, ease tension, prepare for rest.",,,,,
"21 Explosive power, agility, game-ready fitness.",,,,,
"22 Short, high-speed, maximal power output.",,,,,
"23 Grit, intensity, combat-ready fitness.",,,,,
"24 Adventurous, scenic, open-air challenge.",,,,,
"25 Weighted backpack, functional endurance.",,,,,
"26 Breath-centered, full-body, outdoor rhythm.",,,,,